INSERT INTO  proyectoMysql.pais (nombrePais) VALUES 
('Colombia'), ('Argentina'), ('Brasil'), ('Chile'), ('Ecuador'),('Peru'), 
('Paraguay'), ('Uruguay'), ('Venezuela'), ('Bolivia'), ('Costa Rica'), 
('Cuba'), ('Honduras'), ('Guatemala'), ('El Salvador'), ('Nicaragua'), 
('Panama'), ('Republica Dominicana'), ('Puerto Rico'), ('Jamaica'), 
('Trinidad y Tobago'), ('Barbados'), ('Bahamas'), ('Saint Lucia'), 
('Antigua y Barbuda'), ('San Vicente y las Granadinas'), 
('Granada'), ('Dominica'), ('Saint Kitts y Nevis'), 
('Saint Martin'), ('Islas Caimán'), ('Islas Turcas y Caicos'), 
('Montserrat'), ('Anguila'), ('Aruba'), ('Bonaire'), ('Sint Eustatius'), 
('Saba'), ('Sint Maarten'), ('Guadalupe'), ('Martinica'), 
('San Bartolomé'), ('San Martín'), ('Isla de San Bartolomé'), 
('Isla de San Martín'), ('Isla de San Eustaquio'), ('Isla de Saba'),('Estados Unidos');

INSERT INTO proyectomysql.departamento(nombreDepartamento, idPais) VALUES 
('Antioquia', 1), ('Cundinamarca', 1), ('Valle del Cauca', 1), 
('Santander', 1), ('Atlántico', 1), ('Bolívar', 1), ('Cesar', 1), 
('Norte de Santander', 1), ('Tolima', 1), ('Huila', 1), 
('Caldas', 1), ('Quindío', 1), ('Risaralda', 1), ('Caquetá', 1), 
('Putumayo', 1), ('Amazonas', 1), ('Guaviare', 1), ('Guainía', 1), 
('Vaupés', 1), ('Casanare', 1), ('Arauca', 1), ('Meta', 1),
('Boyacá', 1), ('Caldas', 2), ('Cauca', 2), ('Cesar', 2), 
('Chocó', 2), ('Córdoba', 2), ('Sucre', 2), ('San Andrés y Providencia', 2), 
('Archipiélago de San Andrés', 2), ('Nariño', 2), ('Putumayo', 2), 
('Atlántico', 3), ('Bolívar', 3), ('Cesar', 3), ('Córdoba', 3), 
('Sucre', 3), ('Guajira', 3), ('Magdalena', 3), ('San Andrés y Providencia', 3),
('Archipiélago de San Andrés', 3);

INSERT INTO proyectomysql.ciudad(nombreCiudad, idDepartamento) VALUES 
('Medellín', 1), ('Bogotá', 2), ('Cali', 3), ('Bucaramanga', 4), 
('Barranquilla', 5), ('Cartagena', 6), ('Santa Marta', 7), 
('Cúcuta', 8), ('Pereira', 9), ('Manizales', 10), ('Armenia', 11),
('Neiva', 12), ('Popayán', 13), ('Ibagué', 14), ('Villavicencio', 15),
('Montería', 16), ('Sincelejo', 17), ('Quibdó', 18), ('San Andrés', 19),
('Leticia', 20), ('Inírida', 21), ('Mitú', 22), ('Puerto Carreño', 23),
('San José del Guaviare', 24), ('Yopal', 25), ('Arauca', 26),
('Villavicencio', 27);

INSERT INTO proyectomysql.direccion(direccion, idCiudad) VALUES 
('Calle 1 # 1-1', 1), ('Carrera 2 # 2-2', 2), ('Avenida 3 # 3-3', 3), 
('Transversal 4 # 4-4', 4), ('Diagonal 5 # 5-5', 5), ('Calle 6 # 6-6', 6),
('Carrera 7 # 7-7', 7), ('Avenida 8 # 8-8', 8), ('Transversal 9 # 9-9', 9),
('Diagonal 10 # 10-10', 10), ('Calle 11 # 11-11', 11), ('Carrera 12 #12-12',10),
('Avenida 13 # 13-13', 11), ('Calle 14 # 14-14', 12), ('Carrera 15 # 15-15', 13), 
('Diagonal 16 # 16-16', 14), ('Transversal 17 # 17-17', 15), ('Calle 18 # 18-18', 16),
('Carrera 19 # 19-19', 17), ('Avenida 20 # 20-20', 18), ('Diagonal 21 # 21-21', 19),
('Transversal 22 # 22-22', 20), ('Calle 23 # 23-23', 21), ('Carrera 24 # 24-24', 22),
('Avenida 25 # 25-25', 23), ('Diagonal 26 # 26-26', 24), ('Transversal 27 # 27-27', 25),
('Calle 28 # 28-28', 26), ('Carrera 29 # 29-29', 27), ('Avenida 30 # 30-30', 1),
('Diagonal 31 # 31-31', 2), ('Transversal 32 # 32-32', 3);

INSERT INTO proyectomysql.empresa (nombreEmpresa) VALUES
('Campuslands'),('Google'),('Microsoft'),('Apple'),('Amazon'),('Facebook'),
('Tesla'),('IBM'),('Intel'),('NVIDIA'),('Samsung'),('LG'),('Sony'),('Panasonic'),
('Honda'),('Toyota'),('Ford'),('General Motors'),('Volkswagen'),('BMW'),
('Mercedes-Benz'),('Hyundai'),('Netflix'),('Spotify'),('Adobe'),('Oracle'),
('Salesforce'),('Cisco'),('HP'),('Lenovo'),('Dell'),('Xiaomi'),('Huawei'),('TikTok'),
('Snapchat'),('Twitter'),('Airbnb'),('Uber'),('Lyft'),('Visa'),('Mastercard'),('PayPal'),
('Stripe'),('Coca-Cola'),('Pepsi'),('Nestlé'),('Unilever'),('Procter & Gamble'),
('McDonald\'s'),('Starbucks'),('Disney'),('Chevrolet'),('Susuki');
INSERT INTO proyectomysql.sedes(nombreSede, idEmpresa) VALUES 
('Sede Bucaramanga', 1), ('Sede Mountain View', 2), ('Sede Redmond', 3), ('Sede Cupertino', 4), 
('Sede Seattle', 5), ('Sede Menlo Park', 6), ('Sede Palo Alto', 7), ('Sede Armonk', 8), 
('Sede Santa Clara', 9), ('Sede Santa Clara', 10), ('Sede Seúl', 11), ('Sede Seúl', 12),
('Sede Tokio', 13), ('Sede Osaka', 14), ('Sede Tokio', 15), ('Sede Toyota City', 16),
('Sede Dearborn', 17), ('Sede Detroit', 18), ('Sede Wolfsburgo', 19), ('Sede Múnich', 20),
('Sede Seúl', 21), ('Sede Seúl', 22), ('Sede Los Gatos', 23), ('Sede Estocolmo', 24),
('Sede San José', 25), ('Sede Austin', 26),('San Francisco', 27),('San José', 28),
('Palo Alto',29),('Pekín',30),('Round Rock',31),('Pekín',32),('Shenzhen',33),
('Pekín',34),('Santa Mónica',35),('San Francisco',36),('San Francisco',37),('San Francisco',38),
('San Francisco',39),('Foster City', 40),('Purchase',41),('San José',42),('Dublín', 43),('Atlanta', 44),
('Purchase',45),('Vevey', 46),('Londres',47),('Cincinnati',48),('Chicago',49),('Seattle',50),
('Burbank',51),('Sede Bucaramanga', 52),('Sede Floridablanca', 53);
INSERT INTO proyectomysql.direccionSede(idSede, idDireccion) VALUES 
(1, 1), (2, 2), (3, 3), (4, 4), (5, 5), (6, 6), (7, 7), (8, 8),
(9, 9), (10, 10), (11, 11), (12, 12), (13, 13), (14, 14),
(15, 15), (16, 16), (17, 17), (18, 18), (19, 19), (20, 20),
(21, 21), (22, 22), (23, 23), (24, 24), (25, 25), (26, 26),(27,27),(28,28),
(29,29), (30,30), (31,31),(32,32),(33,33),(34,34),(35,35), (36,36),(37,37),
(38,38),(39,39),(40,40),(41,41),(42,42),(43,43),(44,44),(45,45),(46,46);
INSERT INTO proyectomysql.habilidades(nombreHabilidad) VALUES 
('Comunicación efectiva'),('Paciencia'),('Empatía'),('Trabajo en equipo'),
('Liderazgo'),('Planificación y organización'),('Capacidad de motivar a los estudiantes'),('Evaluación y retroalimentación'),
('Creatividad e innovación'),('Adaptabilidad a cambios'),('Resolución de problemas'),('Gestión del tiempo'),
('Escucha activa'),('Pensamiento crítico'),('Manejo de conflictos'),('Uso de tecnología educativa'),('Diseño de materiales didácticos'),
('Enseñanza personalizada'),('Gestión de aula'),('Ética profesional'),('Programación en Python'),('Programación en Java'),
('Desarrollo web con HTML, CSS y JavaScript'),('Administración de bases de datos'),
('Ciberseguridad'),('Redes y telecomunicaciones'),('Uso de herramientas de aprendizaje en línea'),('Análisis de datos'),
('Inteligencia artificial y aprendizaje automático'),('Desarrollo de software'),('Gestión de proyectos de TI'),('Arquitectura de software'),
('Desarrollo de aplicaciones móviles'),('Metodologías ágiles (Scrum, Kanban)'),('Administración de sistemas operativos'),('Cloud Computing'),
('Administración de servidores'),('Desarrollo de videojuegos'),('Automatización de procesos'),('Robótica educativa'),('Blockchain'),
('Internet de las cosas (IoT)'),('Seguridad informática'),('Desarrollo de APIs'),('Machine Learning aplicado a la educación'),
('Gestión de entornos virtuales de aprendizaje'),('Uso de plataformas LMS (Moodle, Blackboard)'),('Integración de TIC en la educación'),('Desarrollo de software educativo');

INSERT INTO proyectomysql.horario(fecha, descripcion, franjaHoraria) VALUES 
('2023-01-01', 'Descripción A', 'AM'), 
('2023-01-02', 'Descripción B', 'PM'), 
('2023-01-03', 'Descripción C', 'AM'), 
('2023-01-04', 'Descripción D', 'AM'), 
('2023-12-05', 'Descripción E', 'PM'), 
('2023-01-06', 'Descripción F', 'AM'), 
('2023-01-15', 'Descripción G', 'PM'), 
('2024-01-02', 'Descripción G', 'AM'), 
('2025-01-16', 'Descripción G', 'PM'), 
('2025-01-06', 'Descripción G', 'PM'), 
('2025-01-09', 'Descripción G', 'AM'), 
('2024-01-19', 'Descripción G', 'AM'), 
('2025-04-09', 'Descripción G', 'AM'), 
('2025-03-02', 'Descripción G', 'PM'), 
('2025-03-16', 'Descripción G', 'AM'), 
('2025-02-18', 'Descripción G', 'PM'), 
('2025-03-17', 'Descripción G', 'AM'), 
('2025-06-08', 'Descripción G', 'PM'), 
('2025-02-04', 'Descripción G', 'PM'), 
('2025-07-20', 'Descripción G', 'AM'), 
('2025-11-30', 'Descripción G', 'PM'), 
('2025-12-25', 'Descripción G', 'AM'), 
('2025-09-24', 'Descripción G', 'AM'), 
('2025-13-27', 'Descripción G', 'PM');

INSERT INTO proyectomysql.estadoSalon(nombreEstado) VALUES 
('Estado A'), ('Estado B'), ('Estado C'), ('Estado D'), 
('Estado E'), ('Estado F'), ('Estado G'), ('Estado H'), 
('Estado I'), ('Estado J'), ('Estado K'), ('Estado L'),
('Estado M'), ('Estado N'), ('Estado O'), ('Estado P'),
('Estado Q'), ('Estado R'), ('Estado S'), ('Estado T'),
('Estado U'), ('Estado V'), ('Estado W'), ('Estado X'),
('Estado Y'), ('Estado Z');
INSERT INTO proyectomysql.salon(nombreSalon, idEstadoSalon) VALUES 
('Salon A', 1), ('Salon B', 2), ('Salon C', 3), ('Salon D', 4), 
('Salon E', 5), ('Salon F', 6), ('Salon G', 7), ('Salon H', 8), 
('Salon I', 9), ('Salon J', 10), ('Salon K', 11), ('Salon L', 12),
('Salon M', 13), ('Salon N', 14), ('Salon O', 15), ('Salon P', 16),
('Salon Q', 17), ('Salon R', 18), ('Salon S', 19), ('Salon T', 20),
('Salon U', 21), ('Salon V', 22), ('Salon W', 23), ('Salon X', 24),
('Salon Y', 25), ('Salon Z', 26);
INSERT INTO proyectomysql.sgdb(descripcion) VALUES 
('SGDB A'), ('SGDB B'), ('SGDB C'), ('SGDB D'), 
('SGDB E'), ('SGDB F'), ('SGDB G'), ('SGDB H'), 
('SGDB I'), ('SGDB J'), ('SGDB K'), ('SGDB L'),
('SGDB M'), ('SGDB N'), ('SGDB O'), ('SGDB P'),
('SGDB Q'), ('SGDB R'), ('SGDB S'), ('SGDB T'),
('SGDB U'), ('SGDB V'), ('SGDB W'), ('SGDB X'),
('SGDB Y'), ('SGDB Z');
INSERT INTO proyectomysql.estadoModuloR(estado) VALUES 
('Estado A'), ('Estado B'), ('Estado C'), ('Estado D'), 
('Estado E'), ('Estado F'), ('Estado G'), ('Estado H'), 
('Estado I'), ('Estado J'), ('Estado K'), ('Estado L'),
('Estado M'), ('Estado N'), ('Estado O'), ('Estado P'),
('Estado Q'), ('Estado R'), ('Estado S'), ('Estado T'),
('Estado U'), ('Estado V'), ('Estado W'), ('Estado X'),
('Estado Y'), ('Estado Z');
INSERT INTO proyectomysql.tipoEvaluacion(tipo, porcentaje) VALUES 
('Tipo A', '10%'), ('Tipo B', '20%'), ('Tipo C', '30%'), 
('Tipo D', '40%'), ('Tipo E', '50%'), ('Tipo F', '60%'), 
('Tipo G', '70%'), ('Tipo H', '80%'), ('Tipo I', '90%'), 
('Tipo J', '100%'), ('Tipo K', '110%'), ('Tipo L', '120%'),
('Tipo M', '130%'), ('Tipo N', '140%'), ('Tipo O', '150%'),
('Tipo P', '160%'), ('Tipo Q', '170%'), ('Tipo R', '180%'),
('Tipo S', '190%'), ('Tipo T', '200%'), ('Tipo U', '210%'),
('Tipo V', '220%'), ('Tipo W', '230%'), ('Tipo X', '240%'),
('Tipo Y', '250%'), ('Tipo Z', '260%');
INSERT INTO proyectomysql.estadoEvaluacion(estado) VALUES 
('Estado A'), ('Estado B'), ('Estado C'), ('Estado D'), 
('Estado E'), ('Estado F'), ('Estado G'), ('Estado H'), 
('Estado I'), ('Estado J'), ('Estado K'), ('Estado L'),
('Estado M'), ('Estado N'), ('Estado O'), ('Estado P'),
('Estado Q'), ('Estado R'), ('Estado S'), ('Estado T'),
('Estado U'), ('Estado V'), ('Estado W'), ('Estado X'),
('Estado Y'), ('Estado Z');
INSERT INTO proyectomysql.estadoCamper(tipoEstado) VALUES 
('Estado A'), ('Estado B'), ('Estado C'), ('Estado D'), 
('Estado E'), ('Estado F'), ('Estado G'), ('Estado H'), 
('Estado I'), ('Estado J'), ('Estado K'), ('Estado L'),
('Estado M'), ('Estado N'), ('Estado O'), ('Estado P'),
('Estado Q'), ('Estado R'), ('Estado S'), ('Estado T'),
('Estado U'), ('Estado V'), ('Estado W'), ('Estado X'),
('Estado Y'), ('Estado Z');
INSERT INTO proyectomysql.nivelRiesgo(tipoNivel) VALUES 
('Nivel A'), ('Nivel B'), ('Nivel C'), ('Nivel D'), 
('Nivel E'), ('Nivel F'), ('Nivel G'), ('Nivel H'), 
('Nivel I'), ('Nivel J'), ('Nivel K'), ('Nivel L'),
('Nivel M'), ('Nivel N'), ('Nivel O'), ('Nivel P'),
('Nivel Q'), ('Nivel R'), ('Nivel S'), ('Nivel T'),
('Nivel U'), ('Nivel V'), ('Nivel W'), ('Nivel X'),
('Nivel Y'), ('Nivel Z');
INSERT INTO proyectomysql.acudiente(identificacion, nombre, apellido, telefono) VALUES 
('123456789', 'Juan', 'Pérez', '3001234567'), 
('987654321', 'María', 'Gómez', '3109876543'), 
('456789123', 'Carlos', 'López', '3204567891'), 
('321654987', 'Ana', 'Martínez', '3303216549'), 
('654321789', 'Luis', 'Hernández', '3406543217'), 
('789123456', 'Laura', 'Ramírez', '3507891234'), 
('159753486', 'Pedro', 'Torres', '3601597534'), 
('753159852', 'Sofía', 'Vásquez', '3707531598'), 
('951357468', 'Andrés', 'Córdoba', '3809513574'), 
('357951258', 'Valentina', 'Salazar', '3903579512'), 
('258963147', 'Diego', 'Mendoza', '4002589631'), 
('963852741', 'Camila', 'Rojas', '4109638527'), 
('147258369', 'Felipe', 'Ceballos', '4201472583'), 
('258741369', 'Isabella', 'Pineda', '4302587413'), 
('369258147', 'Sebastián', 'Quintero', '4403692581'), 
('852963741', 'Natalia', 'Castaño', '4508529637'), 
('741852963', 'Emilio', 'García', '4607418529'), 
('159357486', 'Gabriela', 'Salinas', '4701593574'), 
('753456789', 'Javier', 'Córdoba', '4807534567'), 
('951456789', 'Lucía', 'Henao', '4909514567');
INSERT INTO proyectomysql.trainers(nombre, apellido, identificacion, idSede) VALUES 
('Juan', 'Pérez', '123456789', 1), 
('María', 'Gómez', '987654321', 2), 
('Carlos', 'López', '456789123', 3), 
('Ana', 'Martínez', '321654987', 4), 
('Luis', 'Hernández', '654321789', 5), 
('Laura', 'Ramírez', '789123456', 6), 
('Pedro', 'Torres', '159753486', 7), 
('Sofía', 'Vásquez', '753159852', 8), 
('Andrés', 'Córdoba', '951357468', 9), 
('Valentina', 'Salazar', '357951258', 10), 
('Diego', 'Mendoza', '258963147', 11), 
('Camila', 'Rojas', '963852741', 12), 
('Felipe', 'Ceballos', '147258369', 13), 
('Isabella', 'Pineda', '258741369', 14), 
('Sebastián', 'Quintero', '369258147', 15), 
('Natalia', 'Castaño', '852963741', 16), 
('Emilio', 'García','741852963' ,17), 
('Gabriela', 'Salinas', '159357486', 18), 
('Javier', 'Córdoba', '753456789', 19), 
('Lucía', 'Henao', '951456789', 20), 
('Santiago', 'González', '123123123', 21), 
('Valeria', 'Mora', '456456456', 22), 
('Mateo', 'Cruz', '789789789', 23), 
('Emilia', 'Salas', '321321321', 24), 
('Nicolás', 'Pérez', '654654654', 25), 
('Daniela', 'Ramírez','987987987' ,26);
INSERT INTO proyectomysql.campers(identificacion, nombre, apellido, idSede, idAcudiente, idNivelRiesgo, idEstadoCamper) VALUES 
('123456789', 'Juan', 'Pérez', 1, 1, 1, 1), 
('987654321', 'María', 'Gómez', 2, 2, 2, 2), 
('456789123', 'Carlos', 'López', 3, 3, 3, 3), 
('321654987', 'Ana', 'Martínez', 4, 4, 4, 4), 
('654321789', 'Luis', 'Hernández', 5, 5, 5, 5), 
('789123456', 'Laura', 'Ramírez', 6, 6, 6, 6), 
('159753486', 'Pedro', 'Torres', 7, 7, 7, 7), 
('753159852', 'Sofía', 'Vásquez', 8, 8, 8, 8), 
('951357468', 'Andrés', 'Córdoba',9 ,9 ,9 ,9), 
('357951258', 'Valentina','Salazar' ,10 ,10 ,10 ,10), 
('258963147','Diego' ,'Mendoza' ,11 ,11 ,11 ,11), 
('963852741','Camila' ,'Rojas' ,12 ,12 ,12 ,12), 
('147258369','Felipe' ,'Ceballos' ,13 ,13 ,13 ,13), 
('258741369','Isabella' ,'Pineda' ,14 ,14 ,14 ,14), 
('369258147','Sebastián' ,'Quintero' ,15 ,15 ,15 ,15), 
('852963741','Natalia' ,'Castaño' ,16 ,16 ,16 ,16), 
('741852963','Emilio' ,'García' ,17 ,17 ,17 ,17), 
('159357486','Gabriela' ,'Salinas' ,18 ,18 ,18 ,18), 
('753456789','Javier' ,'Córdoba' ,19 ,19 ,19 ,19), 
('951456789','Lucía' ,'Henao' ,20 ,20 ,20 ,20), 
('123123123','Santiago' ,'González' ,21, 21, 21, 21), 
('456456456','Valeria' ,'Mora' ,22, 22, 22, 22), 
('789789789','Mateo' ,'Cruz' ,23, 23, 23, 23), 
('321321321','Emilia' ,'Salas', 24, 24, 24, 24), 
('654654654','Nicolás', 'Pérez', 25, 25, 25, 25), 
('987987987','Daniela', 'Ramírez',26,26,26,26), 
('123456789','Juan', 'Pérez', 1, 1, 1, 1), 
('987654321','María', 'Gómez', 2, 2, 2, 2), 
('456789123','Carlos', 'López', 3, 3, 3, 3), 
('321654987','Ana', 'Martínez', 4, 4, 4, 4), 
('654321789','Luis', 'Hernández', 5, 5, 5, 5), 
('789123456','Laura', 'Ramírez', 6, 6, 6, 6), 
('159753486','Pedro', 'Torres',7 ,7 ,7 ,7), 
('753159852','Sofía', 'Vásquez',8 ,8 ,8 ,8), 
('951357468','Andrés', 'Córdoba' ,9 ,9 ,9 ,9), 
('357951258','Valentina','Salazar' ,10 ,10 ,10 ,10), 
('258963147','Diego' ,'Mendoza' ,11 ,11 ,11 ,11), 
('963852741','Camila' ,'Rojas' ,12 ,12 ,12 ,12), 
('147258369','Felipe' ,'Ceballos' ,13 ,13 ,13 ,13), 
('258741369','Isabella' ,'Pineda' ,14 ,14 ,14 ,14), 
('369258147','Sebastián' ,'Quintero' ,15 ,15 ,15 ,15), 
('852963741','Natalia' ,'Castaño' ,16 ,16 ,16 ,16);
