INSERT INTO  proyectoMysql.pais (nombrePais) VALUES 
('Colombia'), ('Argentina'), ('Brasil'), ('Chile'), ('Ecuador'),('Peru'), 
('Paraguay'), ('Uruguay'), ('Venezuela'), ('Bolivia'), ('Costa Rica'), 
('Cuba'), ('Honduras'), ('Guatemala'), ('El Salvador'), ('Nicaragua'), 
('Panama'), ('Republica Dominicana'), ('Puerto Rico'), ('Jamaica'), 
('Trinidad y Tobago'), ('Barbados'), ('Bahamas'), ('Saint Lucia'), 
('Antigua y Barbuda'), ('San Vicente y las Granadinas'), 
('Granada'), ('Dominica'), ('Saint Kitts y Nevis'), 
('Saint Martin'), ('Islas Caimán'), ('Islas Turcas y Caicos'), 
('Montserrat'), ('Anguila'), ('Aruba'), ('Bonaire'), ('Sint Eustatius'), 
('Saba'), ('Sint Maarten'), ('Guadalupe'), ('Martinica'), 
('San Bartolomé'), ('San Martín'), ('Isla de San Bartolomé'), 
('Isla de San Martín'), ('Isla de San Eustaquio'), ('Isla de Saba'),('Estados Unidos');

INSERT INTO proyectomysql.departamento(nombreDepartamento, idPais) VALUES 
('Antioquia', 1), ('Cundinamarca', 1), ('Valle del Cauca', 1), 
('Santander', 1), ('Atlántico', 1), ('Bolívar', 1), ('Cesar', 1), 
('Norte de Santander', 1), ('Tolima', 1), ('Huila', 1), 
('Caldas', 1), ('Quindío', 1), ('Risaralda', 1), ('Caquetá', 1), 
('Putumayo', 1), ('Amazonas', 1), ('Guaviare', 1), ('Guainía', 1), 
('Vaupés', 1), ('Casanare', 1), ('Arauca', 1), ('Meta', 1),
('Boyacá', 1), ('Caldas', 2), ('Cauca', 2), ('Cesar', 2), 
('Chocó', 2), ('Córdoba', 2), ('Sucre', 2), ('San Andrés y Providencia', 2), 
('Archipiélago de San Andrés', 2), ('Nariño', 2), ('Putumayo', 2), 
('Atlántico', 3), ('Bolívar', 3), ('Cesar', 3), ('Córdoba', 3), 
('Sucre', 3), ('Guajira', 3), ('Magdalena', 3), ('San Andrés y Providencia', 3),
('Archipiélago de San Andrés', 3);

INSERT INTO proyectomysql.ciudad(nombreCiudad, idDepartamento) VALUES 
('Medellín', 1), ('Bogotá', 2), ('Cali', 3), ('Bucaramanga', 4), 
('Barranquilla', 5), ('Cartagena', 6), ('Santa Marta', 7), 
('Cúcuta', 8), ('Pereira', 9), ('Manizales', 10), ('Armenia', 11),
('Neiva', 12), ('Popayán', 13), ('Ibagué', 14), ('Villavicencio', 15),
('Montería', 16), ('Sincelejo', 17), ('Quibdó', 18), ('San Andrés', 19),
('Leticia', 20), ('Inírida', 21), ('Mitú', 22), ('Puerto Carreño', 23),
('San José del Guaviare', 24), ('Yopal', 25), ('Arauca', 26),
('Villavicencio', 27);

INSERT INTO proyectomysql.direccion(direccion, idCiudad) VALUES 
('Calle 1 # 1-1', 1), ('Carrera 2 # 2-2', 2), ('Avenida 3 # 3-3', 3), 
('Transversal 4 # 4-4', 4), ('Diagonal 5 # 5-5', 5), ('Calle 6 # 6-6', 6),
('Carrera 7 # 7-7', 7), ('Avenida 8 # 8-8', 8), ('Transversal 9 # 9-9', 9),
('Diagonal 10 # 10-10', 10), ('Calle 11 # 11-11', 11), ('Carrera 12 #12-12',10),
('Avenida 13 # 13-13', 11), ('Calle 14 # 14-14', 12), ('Carrera 15 # 15-15', 13), 
('Diagonal 16 # 16-16', 14), ('Transversal 17 # 17-17', 15), ('Calle 18 # 18-18', 16),
('Carrera 19 # 19-19', 17), ('Avenida 20 # 20-20', 18), ('Diagonal 21 # 21-21', 19),
('Transversal 22 # 22-22', 20), ('Calle 23 # 23-23', 21), ('Carrera 24 # 24-24', 22),
('Avenida 25 # 25-25', 23), ('Diagonal 26 # 26-26', 24), ('Transversal 27 # 27-27', 25),
('Calle 28 # 28-28', 26), ('Carrera 29 # 29-29', 27), ('Avenida 30 # 30-30', 1),
('Diagonal 31 # 31-31', 2), ('Transversal 32 # 32-32', 3);

INSERT INTO proyectomysql.empresa (nombreEmpresa) VALUES
('Campuslands'),('Google'),('Microsoft'),('Apple'),('Amazon'),('Facebook'),
('Tesla'),('IBM'),('Intel'),('NVIDIA'),('Samsung'),('LG'),('Sony'),('Panasonic'),
('Honda'),('Toyota'),('Ford'),('General Motors'),('Volkswagen'),('BMW'),
('Mercedes-Benz'),('Hyundai'),('Netflix'),('Spotify'),('Adobe'),('Oracle'),
('Salesforce'),('Cisco'),('HP'),('Lenovo'),('Dell'),('Xiaomi'),('Huawei'),('TikTok'),
('Snapchat'),('Twitter'),('Airbnb'),('Uber'),('Lyft'),('Visa'),('Mastercard'),('PayPal'),
('Stripe'),('Coca-Cola'),('Pepsi'),('Nestlé'),('Unilever'),('Procter & Gamble'),
('McDonald\'s'),('Starbucks'),('Disney'),('Chevrolet'),('Susuki');
INSERT INTO proyectomysql.sedes(nombreSede, idEmpresa) VALUES 
('Sede Bucaramanga', 1), ('Sede Mountain View', 2), ('Sede Redmond', 3), ('Sede Cupertino', 4), 
('Sede Seattle', 5), ('Sede Menlo Park', 6), ('Sede Palo Alto', 7), ('Sede Armonk', 8), 
('Sede Santa Clara', 9), ('Sede Santa Clara', 10), ('Sede Seúl', 11), ('Sede Seúl', 12),
('Sede Tokio', 13), ('Sede Osaka', 14), ('Sede Tokio', 15), ('Sede Toyota City', 16),
('Sede Dearborn', 17), ('Sede Detroit', 18), ('Sede Wolfsburgo', 19), ('Sede Múnich', 20),
('Sede Seúl', 21), ('Sede Seúl', 22), ('Sede Los Gatos', 23), ('Sede Estocolmo', 24),
('Sede San José', 25), ('Sede Austin', 26),('San Francisco', 27),('San José', 28),
('Palo Alto',29),('Pekín',30),('Round Rock',31),('Pekín',32),('Shenzhen',33),
('Pekín',34),('Santa Mónica',35),('San Francisco',36),('San Francisco',37),('San Francisco',38),
('San Francisco',39),('Foster City', 40),('Purchase',41),('San José',42),('Dublín', 43),('Atlanta', 44),
('Purchase',45),('Vevey', 46),('Londres',47),('Cincinnati',48),('Chicago',49),('Seattle',50),
('Burbank',51),('Sede Bucaramanga', 52),('Sede Floridablanca', 53);
INSERT INTO proyectomysql.direccionSede(idSede, idDireccion) VALUES 
(1, 1), (2, 2), (3, 3), (4, 4), (5, 5), (6, 6), (7, 7), (8, 8),
(9, 9), (10, 10), (11, 11), (12, 12), (13, 13), (14, 14),
(15, 15), (16, 16), (17, 17), (18, 18), (19, 19), (20, 20),
(21, 21), (22, 22), (23, 23), (24, 24), (25, 25), (26, 26),(27,27),(28,28),
(29,29), (30,30), (31,31),(32,32),(33,33),(34,34),(35,35), (36,36),(37,37),
(38,38),(39,39),(40,40),(41,41),(42,42),(43,43),(44,44),(45,45),(46,46);
INSERT INTO proyectomysql.habilidades(nombreHabilidad) VALUES 
('Comunicación efectiva'),('Paciencia'),('Empatía'),('Trabajo en equipo'),
('Liderazgo'),('Planificación y organización'),('Capacidad de motivar a los estudiantes'),('Evaluación y retroalimentación'),
('Creatividad e innovación'),('Adaptabilidad a cambios'),('Resolución de problemas'),('Gestión del tiempo'),
('Escucha activa'),('Pensamiento crítico'),('Manejo de conflictos'),('Uso de tecnología educativa'),('Diseño de materiales didácticos'),
('Enseñanza personalizada'),('Gestión de aula'),('Ética profesional'),('Programación en Python'),('Programación en Java'),
('Desarrollo web con HTML, CSS y JavaScript'),('Administración de bases de datos'),
('Ciberseguridad'),('Redes y telecomunicaciones'),('Uso de herramientas de aprendizaje en línea'),('Análisis de datos'),
('Inteligencia artificial y aprendizaje automático'),('Desarrollo de software'),('Gestión de proyectos de TI'),('Arquitectura de software'),
('Desarrollo de aplicaciones móviles'),('Metodologías ágiles (Scrum, Kanban)'),('Administración de sistemas operativos'),('Cloud Computing'),
('Administración de servidores'),('Desarrollo de videojuegos'),('Automatización de procesos'),('Robótica educativa'),('Blockchain'),
('Internet de las cosas (IoT)'),('Seguridad informática'),('Desarrollo de APIs'),('Machine Learning aplicado a la educación'),
('Gestión de entornos virtuales de aprendizaje'),('Uso de plataformas LMS (Moodle, Blackboard)'),('Integración de TIC en la educación'),('Desarrollo de software educativo');

INSERT INTO proyectomysql.horario(fecha, descripcion, franjaHoraria) VALUES 
('2025-04-01', 'Introducción a la Programación', '08:00 - 10:00'),
('2025-04-01', 'Fundamentos de Bases de Datos', '10:30 - 12:30'),
('2025-04-01', 'Taller de HTML y CSS', '14:00 - 16:00'),
('2025-04-02', 'Algoritmos y Estructuras de Datos', '08:00 - 10:00'),
('2025-04-02', 'Seguridad Informática', '10:30 - 12:30'),
('2025-04-02', 'Práctica de Desarrollo Web', '14:00 - 16:00'),
('2025-04-03', 'Administración de Servidores', '08:00 - 10:00'),
('2025-04-03', 'Redes y Telecomunicaciones', '10:30 - 12:30'),
('2025-04-03', 'Desarrollo de APIs con Node.js', '14:00 - 16:00'),
('2025-04-04', 'Arquitectura de Software', '08:00 - 10:00'),
('2025-04-04', 'Taller de Python para Data Science', '10:30 - 12:30'),
('2025-04-04', 'Introducción a la Ciberseguridad', '14:00 - 16:00'),
('2025-04-05', 'Desarrollo de Aplicaciones Móviles', '08:00 - 10:00'),
('2025-04-05', 'Fundamentos de Inteligencia Artificial', '10:30 - 12:30'),
('2025-04-05', 'Taller de React.js', '14:00 - 16:00'),
('2025-04-06', 'Introducción a la Computación en la Nube', '08:00 - 10:00'),
('2025-04-06', 'Taller de Docker y Kubernetes', '10:30 - 12:30'),
('2025-04-06', 'Machine Learning con Python', '14:00 - 16:00'),
('2025-04-07', 'Seguridad en Redes', '08:00 - 10:00'),
('2025-04-07', 'Taller de SQL y NoSQL', '10:30 - 12:30'),
('2025-04-07', 'Automatización con Bash y Python', '14:00 - 16:00'),
('2025-04-08', 'Desarrollo Full Stack con MERN', '08:00 - 10:00'),
('2025-04-08', 'Práctica en Laravel', '10:30 - 12:30'),
('2025-04-08', 'Taller de Ethical Hacking', '14:00 - 16:00'),
('2025-04-09', 'Desarrollo de Videojuegos con Unity', '08:00 - 10:00'),
('2025-04-09', 'Taller de Blockchain y Criptografía', '10:30 - 12:30'),
('2025-04-09', 'DevOps y CI/CD', '14:00 - 16:00'),
('2025-04-10', 'Big Data y Analítica', '08:00 - 10:00'),
('2025-04-10', 'Práctica con Power BI y Tableau', '10:30 - 12:30'),
('2025-04-10', 'Taller de Inteligencia Artificial Aplicada', '14:00 - 16:00'),
('2025-04-11', 'Fundamentos de IoT', '08:00 - 10:00'),
('2025-04-11', 'Taller de Arduino y Raspberry Pi', '10:30 - 12:30'),
('2025-04-11', 'Introducción a Rust', '14:00 - 16:00'),
('2025-04-12', 'Taller de Ciberseguridad Ofensiva', '08:00 - 10:00'),
('2025-04-12', 'Desarrollo con Spring Boot', '10:30 - 12:30'),
('2025-04-12', 'Taller de Inteligencia Artificial Conversacional', '14:00 - 16:00'),
('2025-04-13', 'Metodologías Ágiles en el Desarrollo de Software', '08:00 - 10:00'),
('2025-04-13', 'Taller de Web Scraping con Python', '10:30 - 12:30'),
('2025-04-13', 'Introducción a la Programación Funcional', '14:00 - 16:00'),
('2025-04-14', 'Taller de Solidity y Smart Contracts', '08:00 - 10:00'),
('2025-04-14', 'Desarrollo de Aplicaciones con Flutter', '10:30 - 12:30'),
('2025-04-14', 'Taller de Seguridad en Aplicaciones Web', '14:00 - 16:00'),
('2025-04-15', 'Fundamentos de Kubernetes', '08:00 - 10:00'),
('2025-04-15', 'Taller de GraphQL', '10:30 - 12:30'),
('2025-04-15', 'Práctica de Ciberseguridad en Redes', '14:00 - 16:00');

INSERT INTO proyectomysql.estadoSalon(nombreEstado) VALUES 
('Disponible'),
('Ocupado'),
('En mantenimiento'),
('Reservado'),
('Limpieza en proceso'),
('No disponible'),
('En uso para evento'),
('Cerrado por remodelación'),
('Inspección técnica'),
('Desinfección en curso');
INSERT INTO proyectomysql.salon(nombreSalon, idEstadoSalon) VALUES 
('Apolo', 1),('Artemis', 2),('Galileo', 3),('Newton', 4),
('Tesla', 5),('Einstein', 6),('Curie', 7),('Turing', 8),
('Hawking', 9),('Kepler', 10),('Fibonacci', 1),('Copérnico', 2),
('Da Vinci', 3),('Pitagoras', 4),('Euclides', 5),('Boole', 6),
('Von Neumann', 7),('Lovecraft', 8),('Pascal', 9),('Ramanujan', 10);
INSERT INTO proyectomysql.sgdb(descripcion) VALUES 
('MySQL'),('PostgreSQL'),('Oracle Database'),('SQL Server'),
('MongoDB'),('MariaDB'),('Firebase Firestore'),
('Redis'),('Cassandra'),('IBM Db2');
INSERT INTO proyectomysql.estadoModuloR(estado) VALUES 
('Activo'),('Inactivo'),('En mantenimiento'),('Disponible'),
('Ocupado'),('Reservado'),('En revisión'),
('Deshabilitado'),('Pendiente de actualización'),
('Con error de conexión'),('Listo para uso'),
('Fallo crítico'),('Requiere calibración'),
('En prueba'),('Cargando configuración');
INSERT INTO proyectomysql.tipoEvaluacion(tipo, porcentaje) VALUES 
('Evaluacion Teorica', '30%'), ('Evaluacion Practica', '60%'), ('Trabajos', '10%'), 
('Quizes', '10%');
INSERT INTO proyectomysql.estadoEvaluacion(estado) VALUES 
('Pendiente'),('En proceso'),('Finalizada'),
('Aprobada'),('Reprobada'),('Revisión requerida'),
('Anulada'),('Corregida'),('Devuelta para ajustes'),('Publicada');
INSERT INTO proyectomysql.estadoCamper(tipoEstado) VALUES 
('En proceso de Ingreso'), ('Inscrito'), ('Aprobado'), ('Cursando'), 
('Graduado'), ('Expulsado'), ('Retirado');
INSERT INTO proyectomysql.nivelRiesgo(tipoNivel) VALUES 
('Medio'), ('Moderado '), ('Alto');
INSERT INTO proyectomysql.acudiente(identificacion, nombre, apellido, telefono) VALUES 
('100001', 'Carlos', 'Gómez', '3123456789'),
('100002', 'María', 'Rodríguez', '3225678901'),
('100003', 'Juan', 'Pérez', '3112345678'),
('100004', 'Luisa', 'Fernández', '3134567890'),
('100005', 'Miguel', 'Hernández', '3145678902'),
('100006', 'Andrea', 'Ramírez', '3156789012'),
('100007', 'David', 'López', '3167890123'),
('100008', 'Paola', 'Díaz', '3178901234'),
('100009', 'Ricardo', 'Martínez', '3189012345'),
('100010', 'Sofía', 'Gutiérrez', '3190123456'),
('100011', 'Javier', 'Castro', '3201234567'),
('100012', 'Ana', 'Muñoz', '3212345678'),
('100013', 'Roberto', 'Vargas', '3223456789'),
('100014', 'Carmen', 'Jiménez', '3234567890'),
('100015', 'Hugo', 'Morales', '3245678901'),
('100016', 'Laura', 'Suárez', '3256789012'),
('100017', 'Fernando', 'Torres', '3267890123'),
('100018', 'Isabel', 'Ortega', '3278901234'),
('100019', 'Oscar', 'Rojas', '3289012345'),
('100020', 'Patricia', 'Mendoza', '3290123456'),
('100021', 'Jorge', 'Silva', '3301234567'),
('100022', 'Elena', 'Paredes', '3312345678'),
('100023', 'Alberto', 'Córdoba', '3323456789'),
('100024', 'Marta', 'Espinoza', '3334567890'),
('100025', 'Luis', 'Navarro', '3345678901'),
('100026', 'Natalia', 'Reyes', '3356789012'),
('100027', 'Francisco', 'Castaño', '3367890123'),
('100028', 'Daniela', 'Mejía', '3378901234'),
('100029', 'Pedro', 'Álvarez', '3389012345'),
('100030', 'Verónica', 'Bermúdez', '3390123456'),
('100031', 'Esteban', 'Salazar', '3401234567'),
('100032', 'Gabriela', 'González', '3412345678'),
('100033', 'Samuel', 'Delgado', '3423456789'),
('100034', 'Julia', 'Blanco', '3434567890'),
('100035', 'Manuel', 'Pinto', '3445678901'),
('100036', 'Lorena', 'Fuentes', '3456789012'),
('100037', 'Andrés', 'Peña', '3467890123'),
('100038', 'Silvia', 'Aguilar', '3478901234'),
('100039', 'Gustavo', 'Cardozo', '3489012345'),
('100040', 'Cecilia', 'Valencia', '3490123456'),
('100041', 'Raúl', 'Beltrán', '3501234567'),
('100042', 'Mónica', 'Serrano', '3512345678'),
('100043', 'Felipe', 'Campos', '3523456789'),
('100044', 'Beatriz', 'Cifuentes', '3534567890'),
('100045', 'Ángel', 'Quintero', '3545678901'),
('100046', 'Marisol', 'Guerrero', '3556789012'),
('100047', 'Cristian', 'Bautista', '3567890123'),
('100048', 'Liliana', 'Montoya', '3578901234'),
('100049', 'Kevin', 'Hurtado', '3589012345'),
('100050', 'Tatiana', 'Luna', '3590123456');
INSERT INTO proyectomysql.trainers(nombre, apellido, identificacion, idSede) VALUES 
('Carlos', 'Gómez', '900001', 1),
('María', 'Rodríguez', '900002', 2),
('Juan', 'Pérez', '900003', 3),
('Luisa', 'Fernández', '900004', 4),
('Miguel', 'Hernández', '900005', 5),
('Andrea', 'Ramírez', '900006', 6),
('David', 'López', '900007', 7),
('Paola', 'Díaz', '900008', 8),
('Ricardo', 'Martínez', '900009', 9),
('Sofía', 'Gutiérrez', '900010', 10),
('Javier', 'Castro', '900011', 20),
('Ana', 'Muñoz', '900012', 32),
('Roberto', 'Vargas', '900013', 35),
('Carmen', 'Jiménez', '900014', 48),
('Hugo', 'Morales', '900015', 50),
('Laura', 'Suárez', '900016', 16),
('Fernando', 'Torres', '900017', 27),
('Isabel', 'Ortega', '900018', 8),
('Oscar', 'Rojas', '900019', 9),
('Patricia', 'Mendoza', '900020', 10),
('Jorge', 'Silva', '900021', 1),
('Elena', 'Paredes', '900022', 2),
('Alberto', 'Córdoba', '900023', 3),
('Marta', 'Espinoza', '900024', 4),
('Luis', 'Navarro', '900025', 5),
('Natalia', 'Reyes', '900026', 6),
('Francisco', 'Castaño', '900027', 7),
('Daniela', 'Mejía', '900028', 8),
('Pedro', 'Álvarez', '900029', 9),
('Verónica', 'Bermúdez', '900030', 10),
('Esteban', 'Salazar', '900031', 1),
('Gabriela', 'González', '900032', 26),
('Samuel', 'Delgado', '900033', 32),
('Julia', 'Blanco', '900034', 45),
('Manuel', 'Pinto', '900035', 35),
('Lorena', 'Fuentes', '900036', 26),
('Andrés', 'Peña', '900037', 25),
('Silvia', 'Aguilar', '900038', 28),
('Gustavo', 'Cardozo', '900039', 19),
('Cecilia', 'Valencia', '900040', 10),
('Raúl', 'Beltrán', '900041', 11),
('Mónica', 'Serrano', '900042', 22),
('Felipe', 'Campos', '900043', 23),
('Beatriz', 'Cifuentes', '900044', 24),
('Ángel', 'Quintero', '900045', 25),
('Marisol', 'Guerrero', '900046', 36),
('Cristian', 'Bautista', '900047', 37),
('Liliana', 'Montoya', '900048', 8),
('Kevin', 'Hurtado', '900049', 9),
('Tatiana', 'Luna', '900050', 10);
INSERT INTO proyectomysql.habilidadesTrainer(idTrainer,idHabilidad) VALUES
(1, 1),(2, 2),(3, 3),(4, 4),(5, 5),(6, 6),(7, 7),(8, 8),(9, 9),(10, 10),
(11, 11),(12, 12),(13, 13),(14, 14),(15, 15),(16, 16),(17, 17),(18, 18),(19, 19),
(20, 20),(21, 21),(22, 22),(23, 23),(24, 24),(25, 25),(26, 26),(27, 27),
(28, 28),(29, 29),(30, 30),(31, 31),(32, 32),(33, 33),(34, 34),
(35, 35),(36, 36),(37, 37),(38, 38),(39, 39),(40, 40),(41, 41),(42, 42),
(43, 43),(44, 44),(45, 45),(46, 46),(47, 47),(48, 48),(49, 49),(50, 50);
INSERT INTO proyectomysql.trainerHorario(idTrainer,idHorario,idSalon) VALUES
(1, 1, 1),(2, 2, 2),(3, 3, 3),(4, 4, 4),(5, 5, 5),(6, 6, 6),(7, 7, 7),(8, 8, 8),
(9, 9, 9),(10, 10, 10),(11, 11, 1),(12, 12, 2),(13, 13, 3),(14, 14, 4),(15, 15, 5),
(16, 16, 6),(17, 17, 7),(18, 18, 8),(19, 19, 9),(20, 20, 10),(21, 21, 1),(22, 22, 2),
(23, 23, 3),(24, 24, 4),(25, 25, 5),(26, 26, 6),(27, 27, 7),(28, 28, 8),(29, 29, 9),
(30, 30, 10),(31, 31, 1),(32, 32, 2),(33, 33, 3),(34, 34, 4),(35, 35, 5),(36, 36, 6),
(37, 37, 7),(38, 38, 8),(39, 39, 9),(40, 40, 10),(41, 41, 1),(42, 42, 2),(43, 43, 3),
(44, 44, 4),(45, 45, 5),(46, 46, 6),(47, 47, 7),(48, 48, 8),(49, 49, 9),(50, 50, 10);
INSERT INTO proyectomysql.rutaAprendizaje(nombreRuta) VALUES
('Desarrollo Web Frontend'),('Desarrollo Web Backend'),('Bases de Datos Relacionales'),('Bases de Datos NoSQL'),
('Programación en Python'),('Programación en Java'),
('Desarrollo de Aplicaciones Móviles'),('Desarrollo de Aplicaciones en la Nube'),
('Inteligencia Artificial'),('Machine Learning'),
('Data Science'),('Big Data'),('Ciberseguridad'),('DevOps'),('Redes Informáticas'),
('Arquitectura de Software'),('Testing de Software'),('Metodologías Ágiles'),
('Blockchain'),('Desarrollo de Videojuegos'),('IoT (Internet of Things)'),
('Administración de Sistemas Operativos'),('Automatización de Procesos'),
('Gestión de Proyectos de TI'),('Gestión de Infraestructura TI'),('Programación Orientada a Objetos'),
('Desarrollo de APIs RESTful'),('Análisis de Requerimientos'),
('Cloud Computing con AWS'),('Cloud Computing con Azure'),('Bases de Datos en la Nube'),
('Infraestructura como Código'),('Virtualización y Contenedores'),
('Redes Definidas por Software (SDN)'),('Arquitectura de Microservicios'),
('Análisis y Visualización de Datos'),('Desarrollo de Software Escalable'),
('Metodologías de Desarrollo de Software'),('Programación Funcional'),
('Seguridad en la Nube'),('Gestión de Versiones con Git'),('CI/CD (Integración y Despliegue Continuo)'),
('Desarrollo en JavaScript'),('Desarrollo en TypeScript'),('Gestión de Configuración'),
('Frameworks de Desarrollo Web'),('Scrum y Kanban'),('Sistemas de Control de Versiones Distribuidos'),
('Desarrollo de Software para Empresas'),('Desarrollo de Sistemas de Información Geográfica (GIS)'),
('Programación con SQL'),('Desarrollo de Aplicaciones con Node.js'),('Gestión de Base de Datos con MongoDB');
INSERT INTO proyectomysql.grupo(nombreGrupo,idTrainer,idRutaAprendizaje) VALUES
('J1', 1, 1),('J2', 2, 2),('U1', 3, 3),('U2', 4, 4),('J3', 5, 5),('J4', 6, 6),
('U3', 7, 7),('U4', 8, 8),('J5', 9, 9),('J6', 10, 10),('U5', 11, 11),('U6', 12, 12),
('J7', 13, 13),('J8', 14, 14),('U7', 15, 15),('U8', 16, 16),('J9', 17, 17),
('J10', 18, 18),('U9', 19, 19),('U10', 20, 20),('J11', 21, 21),('J12', 22, 22),('U11', 23, 23),
('U12', 24, 24),('J13', 25, 25),('J14', 26, 26),('U13', 27, 27),('U14', 28, 28),('J15', 29, 29),
('J16', 30, 30),('U15', 31, 31),('U16', 32, 32),('J17', 33, 33),
('J18', 34, 34),('U17', 35, 35),('U18', 36, 36),('J19', 37, 37),
('J20', 38, 38),('U19', 39, 39),('U20', 40, 40),('J21', 41, 41),
('J22', 42, 42),('U21', 43, 43),('U22', 44, 44),('J23', 45, 45),
('J24', 46, 46),('U23', 47, 47),('U24', 48, 48),('J25', 49, 49),('J26', 50, 50);
INSERT INTO proyectomysql.modulos(nombreModulo) VALUES
('Desarrollo Web Frontend'),('Desarrollo Web Backend'),('Bases de Datos Relacionales'),
('Bases de Datos NoSQL'),('Programación en Python'),('Programación en Java'),
('Desarrollo de Aplicaciones Móviles'),('Desarrollo en la Nube'),('Ciberseguridad'),
('Redes y Protocolos de Comunicación'),('Arquitectura de Software'),('Análisis y Diseño de Sistemas'),
('Inteligencia Artificial'),('Machine Learning'),('Big Data'),('Data Science'),('Blockchain'),
('Desarrollo de Videojuegos'),('Sistemas Operativos'),('Programación Funcional'),
('Metodologías Ágiles'),('DevOps'),('Virtualización y Contenedores'),('Testing de Software'),
('Control de Versiones con Git'),('CI/CD (Integración y Despliegue Continuo)'),('Redes Definidas por Software (SDN)'),
('IoT (Internet of Things)'),('Administración de Infraestructura TI'),('Gestión de Proyectos de TI'),
('Cloud Computing con AWS'),('Cloud Computing con Azure'),('Microservicios'),
('Sistemas de Información Geográfica (GIS)'),('Desarrollo de APIs RESTful'),('Análisis de Requerimientos de Software'),
('Scrum y Kanban'),('Desarrollo de Software Escalable'),('Programación Orientada a Objetos'),
('Testing Automatizado'),('Seguridad en la Nube'),('Gestión de Base de Datos con MongoDB'),('Desarrollo con Node.js'),
('Sistemas de Gestión Empresarial (ERP)'),('Gestión de Configuración de Software'),('Sistemas de Control de Versiones Distribuidos'),
('Arquitectura de Microservicios'),('Sistemas de Gestión de Proyectos de Software'),
('Diseño de Interfaces de Usuario (UI/UX)'),('Análisis y Visualización de Datos'),('Desarrollo de Software de Gestión de Empresas'),('Desarrollo en TypeScript');
INSERT INTO proyectomysql.sRuta(idSGDB,idRutaAprendizaje,idSGDBA) VALUES
(1, 1, 2),(2, 2, 3),(1, 4, 5),(3, 6, 4),(2, 7, 1),(4, 8, 5),(5, 9, 6),(1, 10, 3),(2, 11, 4),
(3, 12, 1),(5, 13, 2),(4, 14, 3),(1, 15, 6),(2, 16, 5),(1, 17, 4),(3, 18, 2),(2, 19, 1),
(4, 20, 3),(5, 21, 6),(1, 22, 5),(2, 23, 4),(3, 24, 1),(1, 25, 2),(5, 26, 6),(4, 27, 3),
(2, 28, 5),(1, 29, 6),(3, 30, 1),(4, 31, 2),(5, 32, 4),(1, 33, 3),(2, 34, 5),(3, 35, 4),
(1, 36, 6),(5, 37, 2),(2, 38, 1),(4, 39, 3),(1, 40, 2),(3, 41, 5),(2, 42, 4),(5, 43, 1),
(4, 44, 3),(1, 45, 2),(2, 46, 6),(5, 47, 3),(4, 48, 1),(1, 49, 5),(3, 50, 6);
INSERT INTO proyectomysql.modulosRuta(fechaInicio,fechaFin,idModulo,idRutaAprendizaje,idEstadoModuloR) VALUES
('2025-01-01', '2025-03-01', 1, 1, 1),('2025-02-01', '2025-04-01', 2, 2, 2),
('2025-03-01', '2025-05-01', 3, 3, 3),('2025-04-01', '2025-06-01', 4, 4, 4),
('2025-05-01', '2025-07-01', 5, 5, 5),('2025-06-01', '2025-08-01', 6, 6, 1),
('2025-07-01', '2025-09-01', 7, 7, 2),('2025-08-01', '2025-10-01', 8, 8, 3),
('2025-09-01', '2025-11-01', 9, 9, 4),('2025-10-01', '2025-12-01', 10, 10, 5),
('2025-11-01', '2026-01-01', 11, 1, 1),('2025-12-01', '2026-02-01', 12, 2, 2),
('2026-01-01', '2026-03-01', 13, 3, 3),('2026-02-01', '2026-04-01', 14, 4, 4),
('2026-03-01', '2026-05-01', 15, 5, 5),('2026-04-01', '2026-06-01', 16, 6, 1),
('2026-05-01', '2026-07-01', 17, 7, 2),('2026-06-01', '2026-08-01', 18, 8, 3),
('2026-07-01', '2026-09-01', 19, 9, 4),('2026-08-01', '2026-10-01', 20, 10, 5),
('2026-09-01', '2026-11-01', 21, 1, 1),('2026-10-01', '2026-12-01', 22, 2, 2),
('2026-11-01', '2027-01-01', 23, 3, 3),('2026-12-01', '2027-02-01', 24, 4, 4),
('2027-01-01', '2027-03-01', 25, 5, 5),('2027-02-01', '2027-04-01', 26, 6, 1),
('2027-03-01', '2027-05-01', 27, 7, 2),('2027-04-01', '2027-06-01', 28, 8, 3),
('2027-05-01', '2027-07-01', 29, 9, 4),('2027-06-01', '2027-08-01', 30, 10, 5),
('2027-07-01', '2027-09-01', 31, 1, 1),('2027-08-01', '2027-10-01', 32, 2, 2),
('2027-09-01', '2027-11-01', 33, 3, 3),('2027-10-01', '2027-12-01', 34, 4, 4),
('2027-11-01', '2028-01-01', 35, 5, 5),('2027-12-01', '2028-02-01', 36, 6, 1),
('2028-01-01', '2028-03-01', 37, 7, 2),('2028-02-01', '2028-04-01', 38, 8, 3),
('2028-03-01', '2028-05-01', 39, 9, 4),('2028-04-01', '2028-06-01', 40, 10, 5),
('2028-05-01', '2028-07-01', 41, 1, 1),('2028-06-01', '2028-08-01', 42, 2, 2),
('2028-07-01', '2028-09-01', 43, 3, 3),('2028-08-01', '2028-10-01', 44, 4, 4),
('2028-09-01', '2028-11-01', 45, 5, 5),('2028-10-01', '2028-12-01', 46, 6, 1),
('2028-11-01', '2029-01-01', 47, 7, 2),('2028-12-01', '2029-02-01', 48, 8, 3),
('2029-01-01', '2029-03-01', 49, 9, 4),('2029-02-01', '2029-04-01', 50, 10, 5);
INSERT INTO proyectomysql.evaluacion (descripcion,fecha,idTipoEvaluacion,idModuloRuta,idEstadosEvaluacion) VALUES 
('Examen de Sistemas', '2025-01-01', 1, 1, 1),('Examen de Programación', '2025-01-10', 2, 2, 2),
('Prueba de Base de Datos', '2025-02-01', 1, 3, 3),('Evaluación de Redacción', '2025-02-15', 3, 4, 4),
('Test de Lógica Computacional', '2025-03-01', 1, 5, 5),('Evaluación de Seguridad Informática', '2025-03-10', 2, 6, 1),
('Evaluación de Lenguajes de Programación', '2025-04-01', 3, 7, 2),('Examen de Algoritmos', '2025-04-15', 1, 8, 3),
('Prueba de Sistemas Operativos', '2025-05-01', 2, 9, 4),('Test de Redes y Comunicaciones', '2025-05-10', 1, 10, 5),
('Examen de Arquitectura de Computadores', '2025-06-01', 2, 11, 1),('Prueba de Ciberseguridad', '2025-06-15', 3, 12, 2),
('Evaluación de Desarrollo Web', '2025-07-01', 1, 13, 3),('Test de Ingeniería de Software', '2025-07-10', 2, 14, 4),
('Examen de Inteligencia Artificial', '2025-08-01', 1, 15, 5),('Evaluación de Desarrollo de Aplicaciones', '2025-08-15', 3, 16, 1),
('Prueba de Bases de Datos Avanzadas', '2025-09-01', 2, 17, 2),('Examen de Programación Orientada a Objetos', '2025-09-10', 1, 18, 3),
('Evaluación de Desarrollo de Software Ágil', '2025-10-01', 3, 19, 4),('Test de Estructuras de Datos', '2025-10-15', 1, 20, 5),
('Prueba de Diseño de Algoritmos', '2025-11-01', 2, 21, 1),('Evaluación de DevOps', '2025-11-10', 3, 22, 2),
('Examen de Cloud Computing', '2025-12-01', 1, 23, 3),('Evaluación de Gestión de Proyectos', '2025-12-15', 2, 24, 4),
('Test de Computación en la Nube', '2026-01-01', 3, 25, 5),('Examen de Redes de Computadores', '2026-01-10', 1, 26, 1),
('Prueba de Programación en Python', '2026-02-01', 2, 27, 2),('Evaluación de Desarrollo Full Stack', '2026-02-15', 3, 28, 3),
('Examen de Computación Cuántica', '2026-03-01', 1, 29, 4),('Test de Desarrollo de Interfaces', '2026-03-10', 2, 30, 5),
('Evaluación de Big Data', '2026-04-01', 1, 31, 1),('Examen de Sistemas Distribuidos', '2026-04-15', 2, 32, 2),
('Prueba de Desarrollo en Java', '2026-05-01', 1, 33, 3),('Evaluación de Móviles y Apps', '2026-05-10', 3, 34, 4),
('Test de Programación en C++', '2026-06-01', 2, 35, 5),('Examen de Proyectos Tecnológicos', '2026-06-15', 1, 36, 1),
('Evaluación de Blockchain', '2026-07-01', 2, 37, 2),('Prueba de Computación en Paralelo', '2026-07-10', 1, 38, 3),
('Examen de Desarrollo de Videojuegos', '2026-08-01', 3, 39, 4),('Evaluación de Redes Sociales', '2026-08-15', 2, 40, 5),
('Test de Machine Learning', '2026-09-01', 1, 41, 1),('Examen de Software Embebido', '2026-09-10', 2, 42, 2),
('Evaluación de Inteligencia Computacional', '2026-10-01', 3, 43, 3),('Prueba de Programación en JavaScript', '2026-10-15', 1, 44, 4),
('Examen de Arquitectura de Software', '2026-11-01', 2, 45, 5),('Evaluación de UI/UX', '2026-11-10', 3, 46, 1),
('Test de Desarrollo Ágil', '2026-12-01', 1, 47, 2),('Evaluación de Métodos de Compilación', '2026-12-15', 2, 48, 3),
('Examen de Robótica', '2027-01-01', 3, 49, 4),('Prueba de Lenguajes de Bajo Nivel', '2027-01-10', 1, 50, 5);
INSERT INTO proyectomysql.sesiones(fecha,tema,idModuloRuta) VALUES ADD
('2025-01-01', 'Introducción a la Programación', 1),('2025-01-05', 'Algoritmos y Lógica de Programación', 2),
('2025-01-10', 'Estructuras de Datos Básicas', 3),('2025-01-15', 'Fundamentos de Bases de Datos', 4),
('2025-01-20', 'Redes de Computadores I', 5),('2025-01-25', 'Sistemas Operativos I', 6),
('2025-02-01', 'Lenguajes de Programación I', 7),('2025-02-05', 'Desarrollo Web Frontend', 8),
('2025-02-10', 'Desarrollo Web Backend', 9),('2025-02-15', 'Programación Orientada a Objetos', 10),
('2025-02-20', 'Ingeniería de Software', 11),('2025-02-25', 'Prácticas de Seguridad Informática', 12),
('2025-03-01', 'Bases de Datos Relacionales Avanzadas', 13),('2025-03-05', 'Desarrollo de Aplicaciones Móviles', 14),
('2025-03-10', 'Gestión de Proyectos de Software', 15),('2025-03-15', 'Redes de Computadores II', 16),
('2025-03-20', 'Computación en la Nube', 17),('2025-03-25', 'Ciberseguridad Avanzada', 18),
('2025-04-01', 'Inteligencia Artificial I', 19),('2025-04-05', 'Blockchain y Criptomonedas', 20),
('2025-04-10', 'Metodologías Ágiles', 21),('2025-04-15', 'Desarrollo Full Stack', 22),
('2025-04-20', 'Sistemas Distribuidos', 23),('2025-04-25', 'Desarrollo en Python', 24),('2025-05-01', 'Fundamentos de Big Data', 25),
('2025-05-05', 'Desarrollo en JavaScript', 26),('2025-05-10', 'Diseño de Interfaces de Usuario', 27),
('2025-05-15', 'Sistemas Embebidos', 28),('2025-05-20', 'Desarrollo de Videojuegos', 29),
('2025-05-25', 'Robótica y Automatización', 30),('2025-06-01', 'Machine Learning I', 31),
('2025-06-05', 'Computación Cuántica', 32),('2025-06-10', 'Desarrollo de Software en la Nube', 33),
('2025-06-15', 'Desarrollo en C++', 34),('2025-06-20', 'Inteligencia Computacional', 35),
('2025-06-25', 'Programación de Hardware', 36),('2025-07-01', 'Análisis de Datos con Python', 37),
('2025-07-05', 'Gestión de Infraestructura TI', 38),('2025-07-10', 'Desarrollo de APIs RESTful', 39),
('2025-07-15', 'Computación en Paralelo', 40),('2025-07-20', 'Programación Funcional', 41),('2025-07-25', 'Gestión de Bases de Datos NoSQL', 42),
('2025-08-01', 'Desarrollo de Sistemas de Información', 43),('2025-08-05', 'Tendencias en Desarrollo de Software', 44),
('2025-08-10', 'Pruebas de Software y Calidad', 45),('2025-08-15', 'IoT y Dispositivos Conectados', 46),
('2025-08-20', 'Desarrollo con Frameworks Frontend', 47),('2025-08-25', 'Desarrollo con Frameworks Backend', 48),
('2025-09-01', 'Prácticas de UI/UX', 49),('2025-09-05', 'Desarrollo con Java EE', 50);
INSERT INTO proyectomysql.campers(nombre, apellido,identificacion,telefono,fechaInscripcion, idSede, idNivelRiesgo,idAcudiente, idEstadoCamper,idRutaAprendizaje) VALUES 
('Carlos', 'Gómez', '123456789', '3012345678', '2025-01-01', 1, 1, 1, 1, 1),
('Ana', 'Pérez', '987654321', '3023456789', '2025-01-05', 2, 2, 2, 2, 2),
('Luis', 'Martínez', '456789123', '3034567890', '2025-01-10', 3, 3, 3, 3, 3),
('Marta', 'Rodríguez', '654321987', '3045678901', '2025-01-15', 4, 1, 4, 1, 4),
('Sofía', 'López', '321654987', '3056789012', '2025-01-20', 5, 2, 5, 2, 5),
('José', 'Hernández', '789123456', '3067890123', '2025-01-25', 6, 3, 6, 3, 6),
('Beatriz', 'González', '213546789', '3078901234', '2025-02-01', 7, 1, 7, 1, 7),
('Pedro', 'Sánchez', '987123654', '3089012345', '2025-02-05', 8, 2, 8, 2, 8),
('Carolina', 'Ramírez', '321987654', '3090123456', '2025-02-10', 9, 3, 9, 3, 9),
('Francisco', 'Fernández', '654789123', '3101234567', '2025-02-15', 10, 1, 10, 1, 10),
('Elena', 'Vázquez', '876543210', '3112345678', '2025-02-20', 11, 2, 11, 2, 11),
('Javier', 'Torres', '432198765', '3123456789', '2025-02-25', 12, 3, 12, 3, 12),
('Lucía', 'Díaz', '321478563', '3134567890', '2025-03-01', 13, 1, 13, 1, 13),
('Diego', 'Gutiérrez', '874651203', '3145678901', '2025-03-05', 14, 2, 14, 2, 14),
('Clara', 'Jiménez', '653102478', '3156789012', '2025-03-10', 15, 3, 15, 3, 15),
('Ricardo', 'Molina', '213564879', '3167890123', '2025-03-15', 16, 1, 16, 1, 16),
('Sara', 'Álvarez', '987321654', '3178901234', '2025-03-20', 17, 2, 17, 2, 17),
('Marcos', 'Pérez', '765432109', '3189012345', '2025-03-25', 18, 3, 18, 3, 18),
('Raquel', 'García', '432109876', '3190123456', '2025-04-01', 19, 1, 19, 1, 19),
('Alejandro', 'Ruiz', '654123789', '3201234567', '2025-04-05', 20, 2, 20, 2, 20),
('Victoria', 'Serrano', '213564789', '3212345678', '2025-04-10', 21, 3, 21, 3, 21),
('Tomás', 'Martín', '987321654', '3223456789', '2025-04-15', 22, 1, 22, 1, 22),
('Isabel', 'Muñoz', '763849215', '3234567890', '2025-04-20', 23, 2, 23, 2, 23),
('Manuel', 'Crespo', '432178965', '3245678901', '2025-04-25', 24, 3, 24, 3, 24),
('Carmen', 'Vera', '216543987', '3256789012', '2025-05-01', 25, 1, 25, 1, 25),
('Ricardo', 'Cordero', '763945280', '3267890123', '2025-05-05', 26, 2, 26, 2, 26),
('Patricia', 'Herrera', '321654987', '3278901234', '2025-05-10', 27, 3, 27, 3, 27),
('Miguel', 'Figueroa', '654789321', '3289012345', '2025-05-15', 28, 1, 28, 1, 28),
('Teresa', 'Rodríguez', '543210987', '3290123456', '2025-05-20', 29, 2, 29, 2, 29),
('David', 'Cortés', '876543210', '3301234567', '2025-05-25', 30, 3, 30, 3, 30),
('Andrea', 'Silva', '763984257', '3312345678', '2025-06-01', 31, 1, 31, 1, 31),
('José', 'Ramírez', '654102378', '3323456789', '2025-06-05', 32, 2, 32, 2, 32),
('Beatriz', 'García', '432109876', '3334567890', '2025-06-10', 33, 3, 33, 3, 33),
('Iván', 'Reyes', '321654987', '3345678901', '2025-06-15', 34, 1, 34, 1, 34),
('Sandra', 'Vega', '987654321', '3356789012', '2025-06-20', 35, 2, 35, 2, 35),
('Luis', 'González', '876543210', '3367890123', '2025-06-25', 36, 3, 36, 3, 36),
('Raúl', 'Marín', '765432109', '3378901234', '2025-07-01', 37, 1, 37, 1, 37),
('Javier', 'Torres', '543210987', '3389012345', '2025-07-05', 38, 2, 38, 2, 38),
('María', 'Jiménez', '432109876', '3390123456', '2025-07-10', 39, 3, 39, 3, 39),
('Antonio', 'Moreno', '321654987', '3401234567', '2025-07-15', 40, 1, 40, 1, 40),
('Inés', 'Sánchez', '987654321', '3412345678', '2025-07-20', 41, 2, 41, 2, 41),
('Joaquín', 'Méndez', '654321987', '3423456789', '2025-07-25', 42, 3, 42, 3, 42),
('Pablo', 'González', '543210987', '3434567890', '2025-08-01', 43, 1, 43, 1, 43),
('Silvia', 'Martínez', '432109876', '3445678901', '2025-08-05', 44, 2, 44, 2, 44),
('Cecilia', 'López', '321654987', '3456789012', '2025-08-10', 45, 3, 45, 3, 45),
('Ricardo', 'Álvarez', '765432109', '3467890123', '2025-08-15', 46, 1, 46, 1, 46),
('Laura', 'Ferrer', '987654321', '3478901234', '2025-08-20', 47, 2, 47, 2, 47),
('Marcelo', 'Ruiz', '654321987', '3489012345', '2025-08-25', 48, 3, 48, 3, 48),
('Joaquín', 'Castro', '543210987', '3490123456', '2025-09-01', 49, 1, 49, 1, 49),
('Rosa', 'Pérez', '432109876', '3501234567', '2025-09-05', 50, 2, 50, 2, 50);


