INSERT INTO  proyectoMysql.pais (nombrePais) VALUES 
('Colombia'), ('Argentina'), ('Brasil'), ('Chile'), ('Ecuador'),('Peru'), 
('Paraguay'), ('Uruguay'), ('Venezuela'), ('Bolivia'), ('Costa Rica'), 
('Cuba'), ('Honduras'), ('Guatemala'), ('El Salvador'), ('Nicaragua'), 
('Panama'), ('Republica Dominicana'), ('Puerto Rico'), ('Jamaica'), 
('Trinidad y Tobago'), ('Barbados'), ('Bahamas'), ('Saint Lucia'), 
('Antigua y Barbuda'), ('San Vicente y las Granadinas'), 
('Granada'), ('Dominica'), ('Saint Kitts y Nevis'), 
('Saint Martin'), ('Islas Caimán'), ('Islas Turcas y Caicos'), 
('Montserrat'), ('Anguila'), ('Aruba'), ('Bonaire'), ('Sint Eustatius'), 
('Saba'), ('Sint Maarten'), ('Guadalupe'), ('Martinica'), 
('San Bartolomé'), ('San Martín'), ('Isla de San Bartolomé'), 
('Isla de San Martín'), ('Isla de San Eustaquio'), ('Isla de Saba');

INSERT INTO proyectomysql.departamento(nombreDepartamento, idPais) VALUES 
('Antioquia', 1), ('Cundinamarca', 1), ('Valle del Cauca', 1), 
('Santander', 1), ('Atlántico', 1), ('Bolívar', 1), ('Cesar', 1), 
('Norte de Santander', 1), ('Tolima', 1), ('Huila', 1), 
('Caldas', 1), ('Quindío', 1), ('Risaralda', 1), ('Caquetá', 1), 
('Putumayo', 1), ('Amazonas', 1), ('Guaviare', 1), ('Guainía', 1), 
('Vaupés', 1), ('Casanare', 1), ('Arauca', 1), ('Meta', 1),
('Boyacá', 1), ('Caldas', 2), ('Cauca', 2), ('Cesar', 2), 
('Chocó', 2), ('Córdoba', 2), ('Sucre', 2), ('San Andrés y Providencia', 2), 
('Archipiélago de San Andrés', 2), ('Nariño', 2), ('Putumayo', 2), 
('Atlántico', 3), ('Bolívar', 3), ('Cesar', 3), ('Córdoba', 3), 
('Sucre', 3), ('Guajira', 3), ('Magdalena', 3), ('San Andrés y Providencia', 3),
('Archipiélago de San Andrés', 3);
INSERT INTO proyectomysql.ciudad(nombreCiudad, idDepartamento) VALUES 
('Medellín', 1), ('Bogotá', 2), ('Cali', 3), ('Bucaramanga', 4), 
('Barranquilla', 5), ('Cartagena', 6), ('Santa Marta', 7), 
('Cúcuta', 8), ('Pereira', 9), ('Manizales', 10), ('Armenia', 11),
('Neiva', 12), ('Popayán', 13), ('Ibagué', 14), ('Villavicencio', 15),
('Montería', 16), ('Sincelejo', 17), ('Quibdó', 18), ('San Andrés', 19),
('Leticia', 20), ('Inírida', 21), ('Mitú', 22), ('Puerto Carreño', 23),
('San José del Guaviare', 24), ('Yopal', 25), ('Arauca', 26),
('Villavicencio', 27);

INSERT INTO proyectomysql.direccion(direccion, idCiudad) VALUES 
('Calle 1 # 1-1', 1), ('Carrera 2 # 2-2', 2), ('Avenida 3 # 3-3', 3), 
('Transversal 4 # 4-4', 4), ('Diagonal 5 # 5-5', 5), ('Calle 6 # 6-6', 6),
('Carrera 7 # 7-7', 7), ('Avenida 8 # 8-8', 8), ('Transversal 9 # 9-9', 9),
('Diagonal 10 # 10-10', 10), ('Calle 11 # 11-11', 11), ('Carrera 12 #12-12',10),
('Avenida 13 # 13-13', 11), ('Calle 14 # 14-14', 12), ('Carrera 15 # 15-15', 13), 
('Diagonal 16 # 16-16', 14), ('Transversal 17 # 17-17', 15), ('Calle 18 # 18-18', 16),
('Carrera 19 # 19-19', 17), ('Avenida 20 # 20-20', 18), ('Diagonal 21 # 21-21', 19),
('Transversal 22 # 22-22', 20), ('Calle 23 # 23-23', 21), ('Carrera 24 # 24-24', 22),
('Avenida 25 # 25-25', 23), ('Diagonal 26 # 26-26', 24), ('Transversal 27 # 27-27', 25),
('Calle 28 # 28-28', 26), ('Carrera 29 # 29-29', 27), ('Avenida 30 # 30-30', 1),
('Diagonal 31 # 31-31', 2), ('Transversal 32 # 32-32', 3);

INSERT INTO proyectomysql.empresa(nombreEmpresa) VALUES 
('Empresa A'), ('Empresa B'), ('Empresa C'), ('Empresa D'), 
('Empresa E'), ('Empresa F'), ('Empresa G'), ('Empresa H'), 
('Empresa I'), ('Empresa J'), ('Empresa K'), ('Empresa L'),
('Empresa M'), ('Empresa N'), ('Empresa O'), ('Empresa P'),
('Empresa Q'), ('Empresa R'), ('Empresa S'), ('Empresa T'),
('Empresa U'), ('Empresa V'), ('Empresa W'), ('Empresa X'),
('Empresa Y'), ('Empresa Z');
INSERT INTO proyectomysql.sedes(nombreSede, idEmpresa) VALUES 
('Sede A', 1), ('Sede B', 2), ('Sede C', 3), ('Sede D', 4), 
('Sede E', 5), ('Sede F', 6), ('Sede G', 7), ('Sede H', 8), 
('Sede I', 9), ('Sede J', 10), ('Sede K', 11), ('Sede L', 12),
('Sede M', 13), ('Sede N', 14), ('Sede O', 15), ('Sede P', 16),
('Sede Q', 17), ('Sede R', 18), ('Sede S', 19), ('Sede T', 20),
('Sede U', 21), ('Sede V', 22), ('Sede W', 23), ('Sede X', 24),
('Sede Y', 25), ('Sede Z', 26);

INSERT INTO proyectomysql.direccionSede(idSede, idDireccion) VALUES 
(1, 1), (2, 2), (3, 3), (4, 4), (5, 5), (6, 6), (7, 7), (8, 8),
(9, 9), (10, 10), (11, 11), (12, 12), (13, 13), (14, 14),
(15, 15), (16, 16), (17, 17), (18, 18), (19, 19), (20, 20),
(21, 21), (22, 22), (23, 23), (24, 24), (25, 25), (26, 26);
INSERT INTO proyectomysql.habilidades(nombreHabilidad) VALUES 
('Habilidad A'), ('Habilidad B'), ('Habilidad C'), ('Habilidad D'), 
('Habilidad E'), ('Habilidad F'), ('Habilidad G'), ('Habilidad H'), 
('Habilidad I'), ('Habilidad J'), ('Habilidad K'), ('Habilidad L'),
('Habilidad M'), ('Habilidad N'), ('Habilidad O'), ('Habilidad P'),
('Habilidad Q'), ('Habilidad R'), ('Habilidad S'), ('Habilidad T'),
('Habilidad U'), ('Habilidad V'), ('Habilidad W'), ('Habilidad X'),
('Habilidad Y'), ('Habilidad Z');
INSERT INTO proyectomysql.horario(fecha, descripcion, am, pm) VALUES 
('2023-01-01', 'Descripción A', 'AM A', 'PM A'), 
('2023-01-02', 'Descripción B', 'AM B', 'PM B'), 
('2023-01-03', 'Descripción C', 'AM C', 'PM C'), 
('2023-01-04', 'Descripción D', 'AM D', 'PM D'), 
('2023-01-05', 'Descripción E', 'AM E', 'PM E'), 
('2023-01-06', 'Descripción F', 'AM F', 'PM F'), 
('2023-01-07', 'Descripción G', 'AM G', 'PM G'), 
('2023-01-08', 'Descripción H', 'AM H', 'PM H'), 
('2023-01-09', 'Descripción I', 'AM I', 'PM I'), 
('2023-01-10', 'Descripción J', 'AM J', 'PM J'), 
('2023-01-11', 'Descripción K', 'AM K', 'PM K'), 
('2023-01-12', 'Descripción L', 'AM L', 'PM L'),
('2023-01-13', 'Descripción M', 'AM M', 'PM M'), 
('2023-01-14', 'Descripción N', 'AM N', 'PM N'), 
('2023-01-15', 'Descripción O', 'AM O', 'PM O'), 
('2023-01-16', 'Descripción P', 'AM P', 'PM P'), 
('2023-01-17', 'Descripción Q', 'AM Q', 'PM Q'), 
('2023-01-18', 'Descripción R', 'AM R', 'PM R'), 
('2023-01-19', 'Descripción S', 'AM S', 'PM S'), 
('2023-01-20', 'Descripción T', 'AM T', 'PM T'), 
('2023-01-21', 'Descripción U', 'AM U', 'PM U'), 
('2023-01-22', 'Descripción V', 'AM V', 'PM V'), 
('2023-01-23', 'Descripción W', 'AM W', 'PM W'), 
('2023-01-24', 'Descripción X', 'AM X', 'PM X'), 
('2023-01-25', 'Descripción Y', 'AM Y', 'PM Y'), 
('2023-01-26', 'Descripción Z', 'AM Z', 'PM Z');

INSERT INTO proyectomysql.estadoSalon(nombreEstado) VALUES 
('Estado A'), ('Estado B'), ('Estado C'), ('Estado D'), 
('Estado E'), ('Estado F'), ('Estado G'), ('Estado H'), 
('Estado I'), ('Estado J'), ('Estado K'), ('Estado L'),
('Estado M'), ('Estado N'), ('Estado O'), ('Estado P'),
('Estado Q'), ('Estado R'), ('Estado S'), ('Estado T'),
('Estado U'), ('Estado V'), ('Estado W'), ('Estado X'),
('Estado Y'), ('Estado Z');
INSERT INTO proyectomysql.salon(nombreSalon, idEstadoSalon) VALUES 
('Salon A', 1), ('Salon B', 2), ('Salon C', 3), ('Salon D', 4), 
('Salon E', 5), ('Salon F', 6), ('Salon G', 7), ('Salon H', 8), 
('Salon I', 9), ('Salon J', 10), ('Salon K', 11), ('Salon L', 12),
('Salon M', 13), ('Salon N', 14), ('Salon O', 15), ('Salon P', 16),
('Salon Q', 17), ('Salon R', 18), ('Salon S', 19), ('Salon T', 20),
('Salon U', 21), ('Salon V', 22), ('Salon W', 23), ('Salon X', 24),
('Salon Y', 25), ('Salon Z', 26);
INSERT INTO proyectomysql.sgdb(descripcion) VALUES 
('SGDB A'), ('SGDB B'), ('SGDB C'), ('SGDB D'), 
('SGDB E'), ('SGDB F'), ('SGDB G'), ('SGDB H'), 
('SGDB I'), ('SGDB J'), ('SGDB K'), ('SGDB L'),
('SGDB M'), ('SGDB N'), ('SGDB O'), ('SGDB P'),
('SGDB Q'), ('SGDB R'), ('SGDB S'), ('SGDB T'),
('SGDB U'), ('SGDB V'), ('SGDB W'), ('SGDB X'),
('SGDB Y'), ('SGDB Z');
INSERT INTO proyectomysql.estadoModuloR(estado) VALUES 
('Estado A'), ('Estado B'), ('Estado C'), ('Estado D'), 
('Estado E'), ('Estado F'), ('Estado G'), ('Estado H'), 
('Estado I'), ('Estado J'), ('Estado K'), ('Estado L'),
('Estado M'), ('Estado N'), ('Estado O'), ('Estado P'),
('Estado Q'), ('Estado R'), ('Estado S'), ('Estado T'),
('Estado U'), ('Estado V'), ('Estado W'), ('Estado X'),
('Estado Y'), ('Estado Z');
INSERT INTO proyectomysql.tipoEvaluacion(tipo, porcentaje) VALUES 
('Tipo A', '10%'), ('Tipo B', '20%'), ('Tipo C', '30%'), 
('Tipo D', '40%'), ('Tipo E', '50%'), ('Tipo F', '60%'), 
('Tipo G', '70%'), ('Tipo H', '80%'), ('Tipo I', '90%'), 
('Tipo J', '100%'), ('Tipo K', '110%'), ('Tipo L', '120%'),
('Tipo M', '130%'), ('Tipo N', '140%'), ('Tipo O', '150%'),
('Tipo P', '160%'), ('Tipo Q', '170%'), ('Tipo R', '180%'),
('Tipo S', '190%'), ('Tipo T', '200%'), ('Tipo U', '210%'),
('Tipo V', '220%'), ('Tipo W', '230%'), ('Tipo X', '240%'),
('Tipo Y', '250%'), ('Tipo Z', '260%');
INSERT INTO proyectomysql.estadoEvaluacion(estado) VALUES 
('Estado A'), ('Estado B'), ('Estado C'), ('Estado D'), 
('Estado E'), ('Estado F'), ('Estado G'), ('Estado H'), 
('Estado I'), ('Estado J'), ('Estado K'), ('Estado L'),
('Estado M'), ('Estado N'), ('Estado O'), ('Estado P'),
('Estado Q'), ('Estado R'), ('Estado S'), ('Estado T'),
('Estado U'), ('Estado V'), ('Estado W'), ('Estado X'),
('Estado Y'), ('Estado Z');
INSERT INTO proyectomysql.estadoCamper(tipoEstado) VALUES 
('Estado A'), ('Estado B'), ('Estado C'), ('Estado D'), 
('Estado E'), ('Estado F'), ('Estado G'), ('Estado H'), 
('Estado I'), ('Estado J'), ('Estado K'), ('Estado L'),
('Estado M'), ('Estado N'), ('Estado O'), ('Estado P'),
('Estado Q'), ('Estado R'), ('Estado S'), ('Estado T'),
('Estado U'), ('Estado V'), ('Estado W'), ('Estado X'),
('Estado Y'), ('Estado Z');
INSERT INTO proyectomysql.nivelRiesgo(tipoNivel) VALUES 
('Nivel A'), ('Nivel B'), ('Nivel C'), ('Nivel D'), 
('Nivel E'), ('Nivel F'), ('Nivel G'), ('Nivel H'), 
('Nivel I'), ('Nivel J'), ('Nivel K'), ('Nivel L'),
('Nivel M'), ('Nivel N'), ('Nivel O'), ('Nivel P'),
('Nivel Q'), ('Nivel R'), ('Nivel S'), ('Nivel T'),
('Nivel U'), ('Nivel V'), ('Nivel W'), ('Nivel X'),
('Nivel Y'), ('Nivel Z');
INSERT INTO proyectomysql.acudiente(identificacion, nombre, apellido, telefono) VALUES 
('123456789', 'Juan', 'Pérez', '3001234567'), 
('987654321', 'María', 'Gómez', '3109876543'), 
('456789123', 'Carlos', 'López', '3204567891'), 
('321654987', 'Ana', 'Martínez', '3303216549'), 
('654321789', 'Luis', 'Hernández', '3406543217'), 
('789123456', 'Laura', 'Ramírez', '3507891234'), 
('159753486', 'Pedro', 'Torres', '3601597534'), 
('753159852', 'Sofía', 'Vásquez', '3707531598'), 
('951357468', 'Andrés', 'Córdoba', '3809513574'), 
('357951258', 'Valentina', 'Salazar', '3903579512'), 
('258963147', 'Diego', 'Mendoza', '4002589631'), 
('963852741', 'Camila', 'Rojas', '4109638527'), 
('147258369', 'Felipe', 'Ceballos', '4201472583'), 
('258741369', 'Isabella', 'Pineda', '4302587413'), 
('369258147', 'Sebastián', 'Quintero', '4403692581'), 
('852963741', 'Natalia', 'Castaño', '4508529637'), 
('741852963', 'Emilio', 'García', '4607418529'), 
('159357486', 'Gabriela', 'Salinas', '4701593574'), 
('753456789', 'Javier', 'Córdoba', '4807534567'), 
('951456789', 'Lucía', 'Henao', '4909514567');
INSERT INTO proyectomysql.trainers(nombre, apellido, identificacion, idSede) VALUES 
('Juan', 'Pérez', '123456789', 1), 
('María', 'Gómez', '987654321', 2), 
('Carlos', 'López', '456789123', 3), 
('Ana', 'Martínez', '321654987', 4), 
('Luis', 'Hernández', '654321789', 5), 
('Laura', 'Ramírez', '789123456', 6), 
('Pedro', 'Torres', '159753486', 7), 
('Sofía', 'Vásquez', '753159852', 8), 
('Andrés', 'Córdoba', '951357468', 9), 
('Valentina', 'Salazar', '357951258', 10), 
('Diego', 'Mendoza', '258963147', 11), 
('Camila', 'Rojas', '963852741', 12), 
('Felipe', 'Ceballos', '147258369', 13), 
('Isabella', 'Pineda', '258741369', 14), 
('Sebastián', 'Quintero', '369258147', 15), 
('Natalia', 'Castaño', '852963741', 16), 
('Emilio', 'García','741852963' ,17), 
('Gabriela', 'Salinas', '159357486', 18), 
('Javier', 'Córdoba', '753456789', 19), 
('Lucía', 'Henao', '951456789', 20), 
('Santiago', 'González', '123123123', 21), 
('Valeria', 'Mora', '456456456', 22), 
('Mateo', 'Cruz', '789789789', 23), 
('Emilia', 'Salas', '321321321', 24), 
('Nicolás', 'Pérez', '654654654', 25), 
('Daniela', 'Ramírez','987987987' ,26);
INSERT INTO proyectomysql.campers(identificacion, nombre, apellido, idSede, idAcudiente, idNivelRiesgo, idEstadoCamper) VALUES 
('123456789', 'Juan', 'Pérez', 1, 1, 1, 1), 
('987654321', 'María', 'Gómez', 2, 2, 2, 2), 
('456789123', 'Carlos', 'López', 3, 3, 3, 3), 
('321654987', 'Ana', 'Martínez', 4, 4, 4, 4), 
('654321789', 'Luis', 'Hernández', 5, 5, 5, 5), 
('789123456', 'Laura', 'Ramírez', 6, 6, 6, 6), 
('159753486', 'Pedro', 'Torres', 7, 7, 7, 7), 
('753159852', 'Sofía', 'Vásquez', 8, 8, 8, 8), 
('951357468', 'Andrés', 'Córdoba',9 ,9 ,9 ,9), 
('357951258', 'Valentina','Salazar' ,10 ,10 ,10 ,10), 
('258963147','Diego' ,'Mendoza' ,11 ,11 ,11 ,11), 
('963852741','Camila' ,'Rojas' ,12 ,12 ,12 ,12), 
('147258369','Felipe' ,'Ceballos' ,13 ,13 ,13 ,13), 
('258741369','Isabella' ,'Pineda' ,14 ,14 ,14 ,14), 
('369258147','Sebastián' ,'Quintero' ,15 ,15 ,15 ,15), 
('852963741','Natalia' ,'Castaño' ,16 ,16 ,16 ,16), 
('741852963','Emilio' ,'García' ,17 ,17 ,17 ,17), 
('159357486','Gabriela' ,'Salinas' ,18 ,18 ,18 ,18), 
('753456789','Javier' ,'Córdoba' ,19 ,19 ,19 ,19), 
('951456789','Lucía' ,'Henao' ,20 ,20 ,20 ,20), 
('123123123','Santiago' ,'González' ,21, 21, 21, 21), 
('456456456','Valeria' ,'Mora' ,22, 22, 22, 22), 
('789789789','Mateo' ,'Cruz' ,23, 23, 23, 23), 
('321321321','Emilia' ,'Salas', 24, 24, 24, 24), 
('654654654','Nicolás', 'Pérez', 25, 25, 25, 25), 
('987987987','Daniela', 'Ramírez',26,26,26,26), 
('123456789','Juan', 'Pérez', 1, 1, 1, 1), 
('987654321','María', 'Gómez', 2, 2, 2, 2), 
('456789123','Carlos', 'López', 3, 3, 3, 3), 
('321654987','Ana', 'Martínez', 4, 4, 4, 4), 
('654321789','Luis', 'Hernández', 5, 5, 5, 5), 
('789123456','Laura', 'Ramírez', 6, 6, 6, 6), 
('159753486','Pedro', 'Torres',7 ,7 ,7 ,7), 
('753159852','Sofía', 'Vásquez',8 ,8 ,8 ,8), 
('951357468','Andrés', 'Córdoba' ,9 ,9 ,9 ,9), 
('357951258','Valentina','Salazar' ,10 ,10 ,10 ,10), 
('258963147','Diego' ,'Mendoza' ,11 ,11 ,11 ,11), 
('963852741','Camila' ,'Rojas' ,12 ,12 ,12 ,12), 
('147258369','Felipe' ,'Ceballos' ,13 ,13 ,13 ,13), 
('258741369','Isabella' ,'Pineda' ,14 ,14 ,14 ,14), 
('369258147','Sebastián' ,'Quintero' ,15 ,15 ,15 ,15), 
('852963741','Natalia' ,'Castaño' ,16 ,16 ,16 ,16);
